ANNO,COMUNE_CAT_COD,SPESA_CCC_FC01A,TOT_SPESA_CCC_FC01A,SPESA_CCC_FC01B,TOT_SPESA_CCC_FC01B,SPESA_CCC_FC01C,TOT_SPESA_CCC_FC01C,SPESA_CCC_FC01D,TOT_SPESA_CCC_FC01D,SPESA_CCC_FC02U,TOT_SPESA_CCC_FC02U,SPESA_CCC_FC03U,TOT_SPESA_CCC_FC03U,SPESA_CCC_FC04A,TOT_SPESA_CCC_FC04A,SPESA_CCC_FC04B,TOT_SPESA_CCC_FC04B,SPESA_CCC_FC05A,TOT_SPESA_CCC_FC05A,SPESA_CCC_FC05B,TOT_SPESA_CCC_FC05B,SPESA_CCC_FC06A,TOT_SPESA_CCC_FC06A,SPESA_CCC_FC06B,TOT_SPESA_CCC_FC06B,SPESA_CCC_tot,TOT_SPESA_CCC_tot,Codice Nazionale,Sigla Provincia_x,Denominazione Italiana,Denominazione Estera,Codice Catastale,Ufficio Catasto Terreni,Ufficio Catasto Fabbricati,Codice Conservatoria,Codice Istat_x,Data Costituzione,Attesa VCT Territorio,Attesa VCT Fabbricati,Addizionale comunale dovuta Ammontare,Addizionale comunale dovuta Frequenza,Addizionale regionale dovuta Ammontare,Addizionale regionale dovuta Frequenza,Codice Istat_y,Codice Istat Comune,Codice Istat Regione,Denominazione Comune,Imposta netta Ammontare,Imposta netta Frequenza,Numero contribuenti,Reddito complessivo da 0 a 10000 euro Ammontare,Reddito complessivo da 0 a 10000 euro Frequenza,Reddito complessivo da 10000 a 15000 euro Ammontare,Reddito complessivo da 10000 a 15000 euro Frequenza,Reddito complessivo da 15000 a 26000 euro Ammontare,Reddito complessivo da 15000 a 26000 euro Frequenza,Reddito complessivo da 26000 a 55000 euro Ammontare,Reddito complessivo da 26000 a 55000 euro Frequenza,Reddito complessivo da 55000 a 75000 euro Ammontare,Reddito complessivo da 55000 a 75000 euro Frequenza,Reddito complessivo da 75000 a 120000 euro Ammontare,Reddito complessivo da 75000 a 120000 euro Frequenza,Reddito complessivo minore o uguale a zero euro Ammontare,Reddito complessivo minore o uguale a zero euro Frequenza,Reddito complessivo oltre 120000 euro Ammontare,Reddito complessivo oltre 120000 euro Frequenza,Reddito da fabbricati Ammontare,Reddito da fabbricati Frequenza,Reddito da lavoro autonomo comprensivo dei valori nulli Ammontare,Reddito da lavoro autonomo comprensivo dei valori nulli Frequenza,Reddito da lavoro autonomo compresi nulli Ammontare,Reddito da lavoro autonomo compresi nulli Frequenza,Reddito da lavoro dipendente e assimilati Ammontare,Reddito da lavoro dipendente e assimilati Frequenza,Reddito da partecipazione  comprensivo dei valori nulli Ammontare,Reddito da partecipazione  comprensivo dei valori nulli Frequenza,Reddito da partecipazione  compresi nulli Frequenza,Reddito da partecipazione compresi nulli Ammontare,Reddito da pensione Ammontare,Reddito da pensione Frequenza,Reddito di spettanza dell imprenditore in contabilita ordinaria  comprensivo dei valori nulli Ammontare,Reddito di spettanza dell imprenditore in contabilita ordinaria  comprensivo dei valori nulli Frequenza,Reddito di spettanza dell imprenditore in contabilita semplificata comprensivo dei valori nulli Ammontare,Reddito di spettanza dell imprenditore in contabilita semplificata comprensivo dei valori nulli Frequenza,Reddito imponibile Ammontare,Reddito imponibile Frequenza,Reddito imponibile addizionale Ammontare,Reddito imponibile addizionale Frequenza,Reddito imponibile addizionale IRPEF Ammontare,Reddito imponibile addizionale IRPEF Frequenza,Reddito spettanza imprenditore ordinaria  compresi nulli Ammontare,Reddito spettanza imprenditore ordinaria  compresi nulli Frequenza,Reddito spettanza imprenditore semplificata compresi nulli Ammontare,Reddito spettanza imprenditore semplificata compresi nulli Frequenza,Regione,Sigla Provincia_y,tot_abitanti_tasse
2010,A001,128832.9,497170185.24,706678.7,1024499937.3,210454.3,551023543,2160820.2,6386493525.4,828153,2641561106.1,1249230,3568619418,735459,2212809015,0,985882751.23,945336,1671883262,3036962,7605033852.3,1913498.49,4673165534.2,478163,1443110787,12393587.59,33261252916.76,A001,PD,ABANO TERME,,D3AB,PD,PD,PD00,28001,,,,,,,,28001,,,ABANO TERME,,,,17976401,3629,26012549,2063,96948784,4885,90207515,2572,25551207,400,29095063,313,-760040,82,30132780,158,,,,,,,,,,,,,,,,,,,,,,,288473057,11377,,,,,VENETO,PD,14102
2010,A004,48.2907407407407,497170185.24,3022.24074074074,1024499937.3,54.6,551023543,110355.7,6386493525.4,5867.75132275132,2641561106.1,14277.5510204082,3568619418,9812.86455026455,2212809015,0,985882751.23,2568,1671883262,25346.8253968254,7605033852.3,11958.4306878307,4673165534.2,0,1443110787,183312.254459562,33261252916.76,A004,LO,ABBADIA CERRETO,,C1AB,LO,LO,LO00,98001,,,,,,,,98001,,,ABBADIA CERRETO,,,,312411,56,608689,47,1482927,75,960638,29,,,,,0,0,0,0,,,,,,,,,,,,,,,,,,,,,,,3396780,170,,,,,LOMBARDIA,LO,207
2010,A005,50458.8,497170185.24,143147.2,1024499937.3,59466.4,551023543,359500.4,6386493525.4,158712,2641561106.1,332522.7997543,3568619418,202733.866360439,2212809015,2960,985882751.23,21451,1671883262,277486,7605033852.3,302807,4673165534.2,0,1443110787,1911245.46611474,33261252916.76,A005,LC,ABBADIA LARIANA,,C4AC,LC,LC,LC00,97001,,,,,,,,97001,,,ABBADIA LARIANA,,,,2919974,549,4024492,319,19467952,967,16094112,474,3969550,63,3756520,39,-26823,7,3869133,20,,,,,,,,,,,,,,,,,,,,,,,49890297,2035,,,,,LOMBARDIA,LC,2438
2010,A006,34853.7,497170185.24,127310.4,1024499937.3,61798.8,551023543,720716.5,6386493525.4,266539,2641561106.1,319999,3568619418,369236,2212809015,71988,985882751.23,367137.353426978,1671883262,1450484,7605033852.3,413807,4673165534.2,0,1443110787,4203869.75342698,33261252916.76,A006,SI,ABBADIA SAN SALVATORE,,I9AB,SI,SI,SI10,52001,,,,,,,,52001,,,ABBADIA SAN SALVATORE,,,,7888467,1643,12195657,977,33267055,1723,22647928,666,3268400,52,3250730,37,-464320,25,2084857,11,,,,,,,,,,,,,,,,,,,,,,,75677837,4044,,,,,TOSCANA,SI,5134
2010,A008,13393.1,497170185.24,2100,1024499937.3,20444.9,551023543,92740.9,6386493525.4,0,2641561106.1,48270,3568619418,28379,2212809015,0,985882751.23,66556,1671883262,48000,7605033852.3,13101,4673165534.2,0,1443110787,332984.9,33261252916.76,A008,PE,ABBATEGGIO,,N3AB,PE,PE,PE00,68001,,,,,,,,68001,,,ABBATEGGIO,,,,734074,192,605620,49,1540693,78,831685,25,,,,,-15059,7,0,0,,,,,,,,,,,,,,,,,,,,,,,3194389,189,,,,,ABRUZZO,PE,351
2010,A010,347859.4,497170185.24,1432916.8,1024499937.3,284837,551023543,2891302.4,6386493525.4,1482003,2641561106.1,1876649,3568619418,966619,2212809015,121592,985882751.23,869231,1671883262,4050000,7605033852.3,4324410,4673165534.2,861127,1443110787,19508546.6,33261252916.76,A010,MI,ABBIATEGRASSO,,C1AC,MI,MI,PV00,15002,,,,,,,,15002,,,ABBIATEGRASSO,,,,26653795,5220,40223179,3186,167699807,8358,168068530,4856,35928855,569,31752876,348,-637689,72,31552897,164,,,,,,,,,,,,,,,,,,,,,,,465374603,18944,,,,,LOMBARDIA,MI,22773
2010,A012,61517.4,497170185.24,79263.1,1024499937.3,30388.4,551023543,299147.1,6386493525.4,177919,2641561106.1,100034,3568619418,450350,2212809015,631,985882751.23,13987.0111599358,1671883262,271822,7605033852.3,75100,4673165534.2,0,1443110787,1560159.01115994,33261252916.76,,,,,,,,,,,,,,,,,47001,,,ABETONE,,,,1063536,206,1468394,116,3413069,173,1879650,59,347588,5,,,-25594,5,0,0,,,,,,,,,,,,,,,,,,,,,,,7109978,415,,,,,TOSCANA,PT,564
2010,A013,0,497170185.24,44404.5,1024499937.3,26023.9,551023543,356915.3,6386493525.4,120977,2641561106.1,81475,3568619418,97412,2212809015,0,985882751.23,13000,1671883262,110638,7605033852.3,95737,4673165534.2,0,1443110787,946582.7,33261252916.76,A013,PZ,ABRIOLA,,S1AB,PZ,PZ,PZ00,76001,,,,,,,,76001,,,ABRIOLA,,,,2899542,571,2814938,229,4386454,229,1408245,44,,,,,,,,,,,,,,,,,,,,,,,,,,,,,,,9346291,613,,,,,BASILICATA,PZ,1073
2010,A015,24143.7,497170185.24,87396.4,1024499937.3,24551.1,551023543,446353.6,6386493525.4,154025,2641561106.1,110028,3568619418,112781,2212809015,0,985882751.23,2496,1671883262,310552,7605033852.3,151721,4673165534.2,0,1443110787,1424047.8,33261252916.76,A015,FG,ACCADIA,,R3AB,FG,FG,FG00,71001,,,,,,,,71001,,,ACCADIA,,,,3981947,867,4022967,321,8005840,419,4775237,148,567856,9,845033,9,,,,,,,,,,,,,,,,,,,,,,,,,,,19045789,1127,,,,,PUGLIA,FG,1773
2010,A016,0,497170185.24,38125.5,1024499937.3,15.4,551023543,128897.3,6386493525.4,0,2641561106.1,21067.358490566,3568619418,126285,2212809015,0,985882751.23,0,1671883262,63592,7605033852.3,5807,4673165534.2,0,1443110787,383789.558490566,33261252916.76,A016,CN,ACCEGLIO,,A4AB,CN,CN,CN00,4001,,,,,,,,4001,,,ACCEGLIO,,,,349100,68,240919,19,696943,35,718213,23,,,,,,,,,,,,,,,,,,,,,,,,,,,,,,,1988143,106,,,,,PIEMONTE,CN,145
2010,A017,3217.9,497170185.24,105728.7,1024499937.3,43614.2,551023543,324499.7,6386493525.4,45559,2641561106.1,108971,3568619418,64580,2212809015,0,985882751.23,41216,1671883262,212780,7605033852.3,194222,4673165534.2,0,1443110787,1144388.5,33261252916.76,A017,MT,ACCETTURA,,S2AB,MT,MT,MT00,77001,,,,,,,,77001,,,ACCETTURA,,,,4928418,941,2716930,222,4114791,216,2285363,73,324757,5,462142,5,-44566,10,,,,,,,,,,,,,,,,,,,,,,,,,11386834,756,,,,,BASILICATA,MT,1472
2010,A018,0,497170185.24,1778,1024499937.3,748.3,551023543,87843,6386493525.4,41323,2641561106.1,44833,3568619418,44609,2212809015,0,985882751.23,12328.1315225161,1671883262,78730.1672623302,7605033852.3,14881,4673165534.2,365.967032967033,1443110787,327439.565817813,33261252916.76,A018,AQ,ACCIANO,,N1AB,AQ,AQ,AQ00,66001,,,,,,,,66001,,,ACCIANO,,,,838950,166,629070,51,1197670,61,433391,13,0,0,0,0,0,0,0,0,,,,,,,,,,,,,,,,,,,,,,,2461835,160,,,,,ABRUZZO,AQ,291
2010,A019,0,497170185.24,37970.1,1024499937.3,23555,551023543,175977.2,6386493525.4,21830,2641561106.1,71467,3568619418,119020,2212809015,0,985882751.23,4706.05763688761,1671883262,129502,7605033852.3,108836,4673165534.2,0,1443110787,692863.357636888,33261252916.76,A019,RI,ACCUMOLI,,M4AB,RI,RI,RI00,57001,,,,,,,,57001,,,ACCUMOLI,,,,1502105,269,920552,77,2015334,105,1741718,52,,,0,0,-38355,6,0,0,,,,,,,,,,,,,,,,,,,,,,,5004483,307,,,,,LAZIO,RI,509
2010,A020,23055.9,497170185.24,71460.2,1024499937.3,43110.2,551023543,282671.2,6386493525.4,68942,2641561106.1,101223,3568619418,86934,2212809015,0,985882751.23,58965,1671883262,379781,7605033852.3,116235,4673165534.2,0,1443110787,1232377.5,33261252916.76,A020,PZ,ACERENZA,,S1AC,PZ,PZ,PZ00,76002,,,,,,,,76002,,,ACERENZA,,,,4629678,908,4537926,369,7560244,394,4903145,149,523266,8,366123,4,-74117,11,0,0,,,,,,,,,,,,,,,,,,,,,,,18724367,1158,,,,,BASILICATA,PZ,1843
2010,A023,6904.8,497170185.24,97681.5,1024499937.3,53323.2,551023543,338573.9,6386493525.4,138149,2641561106.1,77886,3568619418,94803,2212809015,0,985882751.23,32283,1671883262,464107,7605033852.3,26810,4673165534.2,0,1443110787,1330521.4,33261252916.76,A023,SA,ACERNO,,Q5AB,SA,SA,SA00,65001,,,,,,,,65001,,,ACERNO,,,,7255386,1394,3927900,322,5144527,270,2462675,79,383188,6,389328,4,-77143,7,,,,,,,,,,,,,,,,,,,,,,,,,13613271,927,,,,,CAMPANIA,SA,2082
2010,A024,304500,497170185.24,1323705.6,1024499937.3,449343.3,551023543,5959761.5,6386493525.4,1923703,2641561106.1,2008247,3568619418,1020000,2212809015,0,985882751.23,330000,1671883262,9640000,7605033852.3,2427063,4673165534.2,0,1443110787,25386323.4,33261252916.76,A024,,ACERRA,,Q1AB,,,CE00,63001,,,,,,,,63001,,,ACERRA,,,,48257348,10441,55370674,4398,157879909,7959,116122624,3518,8607616,137,11641595,130,-2032777,189,6170532,27,,,,,,,,,,,,,,,,,,,,,,,344872410,17552,,,,,CAMPANIA,,26799
2010,A031,0,497170185.24,7980,1024499937.3,0,551023543,59099.6,6386493525.4,37259,2641561106.1,10853,3568619418,44158,2212809015,0,985882751.23,410,1671883262,8188,7605033852.3,15028,4673165534.2,0,1443110787,182975.6,33261252916.76,,,,,,,,,,,,,,,,,43001,,,ACQUACANINA,,,,220813,46,145867,12,480005,25,350431,11,0,0,0,0,0,0,0,0,,,,,,,,,,,,,,,,,,,,,,,1042349,63,,,,,MARCHE,MC,94
2010,A032,0,497170185.24,6151.6,1024499937.3,27319.6,551023543,111143.9,6386493525.4,42377,2641561106.1,16143.6666666667,3568619418,34000,2212809015,0,985882751.23,0,1671883262,46901,7605033852.3,42850,4673165534.2,0,1443110787,326886.766666667,33261252916.76,A032,FR,ACQUAFONDATA,,M2AB,FR,FR,FR00,60001,,,,,,,,60001,,,ACQUAFONDATA,,,,555324,127,371480,29,639245,33,441233,13,,,0,0,,,0,0,,,,,,,,,,,,,,,,,,,,,,,1594436,100,,,,,LAZIO,FR,202
2010,A033,677.6,497170185.24,27654.9,1024499937.3,3658.9,551023543,196726.6,6386493525.4,98119,2641561106.1,18385,3568619418,40975,2212809015,0,985882751.23,0,1671883262,339848,7605033852.3,42438,4673165534.2,0,1443110787,768483,33261252916.76,A033,CS,ACQUAFORMOSA,,T3AB,CS,CS,CS00,78001,,,,,,,,78001,,,ACQUAFORMOSA,,,,2678537,487,1736391,144,3154078,162,1183109,38,,,,,,,0,0,,,,,,,,,,,,,,,,,,,,,,,7122442,479,,,,,CALABRIA,CS,831
2010,A034,3049.9,497170185.24,39044.6,1024499937.3,22584.1,551023543,193501,6386493525.4,16643,2641561106.1,129232.231106243,3568619418,121152,2212809015,0,985882751.23,8986,1671883262,123000,7605033852.3,79145,4673165534.2,0,1443110787,736337.831106243,33261252916.76,A034,BS,ACQUAFREDDA,,C3AB,BS,BS,MN10,17001,,,,,,,,17001,,,ACQUAFREDDA,,,,1822847,352,2761613,221,7289609,377,4362801,128,897722,14,1171088,13,,,671020,5,,,,,,,,,,,,,,,,,,,,,,,16719075,854,,,,,LOMBARDIA,BS,1110
2010,A035,69078.1,497170185.24,126908.6,1024499937.3,64070.3,551023543,512157.1,6386493525.4,193480,2641561106.1,241940,3568619418,399849,2212809015,0,985882751.23,39626,1671883262,579003.1071346,7605033852.3,252997,4673165534.2,104037.863874346,1443110787,2583147.07100895,33261252916.76,A035,PU,ACQUALAGNA,,K4AB,PS,PS,PS10,41001,,,,,,,,41001,,,ACQUALAGNA,,,,6485642,1222,7611455,604,19037312,973,12904910,379,1623805,26,1247934,14,-172560,12,1533119,9,,,,,,,,,,,,,,,,,,,,,,,43381856,2291,,,,,MARCHE,PU,3239
2010,A038,7879.2,497170185.24,85203.3,1024499937.3,22985.2,551023543,456899.1,6386493525.4,19700,2641561106.1,218061,3568619418,151941,2212809015,0,985882751.23,28811,1671883262,319055,7605033852.3,110314,4673165534.2,47422,1443110787,1468270.8,33261252916.76,A038,MN,ACQUANEGRA SUL CHIESE,,C6AB,MN,MN,MN10,20001,,,,,,,,20001,,,ACQUANEGRA SUL CHIESE,,,,3697123,673,6665816,532,14515185,747,8716363,259,1733322,28,1253815,14,-86023,8,963217,5,,,,,,,,,,,,,,,,,,,,,,,32907354,1753,,,,,LOMBARDIA,MN,2266
2010,A039,779.8,497170185.24,74458.3,1024499937.3,582.4,551023543,180970.3,6386493525.4,34033,2641561106.1,45083,3568619418,98103,2212809015,0,985882751.23,1526,1671883262,111198,7605033852.3,75803,4673165534.2,0,1443110787,622536.8,33261252916.76,A039,CR,ACQUANEGRA CREMONESE,,C5AC,CR,CR,CR00,19001,,,,,,,,19001,,,ACQUANEGRA CREMONESE,,,,1251274,228,1657847,132,8337433,419,3984122,115,611447,10,381505,4,,,,,,,,,,,,,,,,,,,,,,,,,,,14737178,746,,,,,LOMBARDIA,CR,908
2010,A040,8729,497170185.24,128191.7,1024499937.3,49493.5,551023543,764056.3,6386493525.4,220428,2641561106.1,292387,3568619418,205800,2212809015,8946,985882751.23,125586,1671883262,558455,7605033852.3,488886,4673165534.2,49450,1443110787,2900408.5,33261252916.76,A040,VT,ACQUAPENDENTE,,M5AB,VT,VT,VT00,56001,,,,,,,,56001,,,ACQUAPENDENTE,,,,9149601,1656,9230990,743,22550586,1151,20320727,615,2983108,47,3720685,40,-76360,19,1464803,8,,,,,,,,,,,,,,,,,,,,,,,59588681,3057,,,,,LAZIO,VT,4279
2010,A041,1562.4,497170185.24,96493.6,1024499937.3,57747.2,551023543,456328.6,6386493525.4,115574,2641561106.1,109979,3568619418,130900,2212809015,0,985882751.23,62091,1671883262,430085,7605033852.3,19341,4673165534.2,0,1443110787,1480101.8,33261252916.76,A041,CS,ACQUAPPESA,,T3AC,CS,CS,CS00,78002,,,,,,,,78002,,,ACQUAPPESA,,,,3138896,629,2562866,208,4560448,231,3619606,109,313009,5,570280,6,-103897,12,,,,,,,,,,,,,,,,,,,,,,,,,12033096,679,,,,,CALABRIA,CS,1200
2010,A042,0,497170185.24,137746.7,1024499937.3,50040.2,551023543,479720.5,6386493525.4,165042.699583806,2641561106.1,132577.348221671,3568619418,202678,2212809015,10,985882751.23,40611,1671883262,534731,7605033852.3,212904.707813091,4673165534.2,0,1443110787,1956062.15561857,33261252916.76,A042,LE,ACQUARICA DEL CAPO,,R4AB,LE,LE,LE00,75001,,,,,,,,75001,,,ACQUARICA DEL CAPO,,,,8795653,1805,5911744,478,7861635,407,5796422,175,628384,10,365143,4,-442539,38,552005,4,,,,,,,,,,,,,,,,,,,,,,,21430719,1356,,,,,PUGLIA,LE,2921
2010,A043,280,497170185.24,48802.6,1024499937.3,58180.5,551023543,272821.5,6386493525.4,36809,2641561106.1,87617,3568619418,44417,2212809015,0,985882751.23,0,1671883262,150600,7605033852.3,57230,4673165534.2,0,1443110787,756757.6,33261252916.76,A043,VV,ACQUARO,,T2AB,VV,VV,VV00,102001,,,,,,,,102001,,,ACQUARO,,,,5994467,1141,3257820,268,4706147,243,3031296,95,314735,5,553360,6,-2381,5,,,,,,,,,,,,,,,,,,,,,,,,,13645774,882,,,,,CALABRIA,VV,1763
2010,A044,73255.7,497170185.24,145281.5,1024499937.3,50890.7,551023543,402576.3,6386493525.4,358994,2641561106.1,228979,3568619418,524288,2212809015,12000,985882751.23,24058,1671883262,299000,7605033852.3,153200,4673165534.2,0,1443110787,2272523.2,33261252916.76,A044,AP,ACQUASANTA TERME,,K2AB,AP,AP,AP00,44001,,,,,,,,44001,,,ACQUASANTA TERME,,,,5390687,1157,5310162,424,13514012,696,6366415,194,533683,8,565264,6,-49860,8,0,0,,,,,,,,,,,,,,,,,,,,,,,26766986,1560,,,,,MARCHE,AP,2493
2010,A045,51079,497170185.24,158704,1024499937.3,67524.8,551023543,472928.4,6386493525.4,196104,2641561106.1,270260,3568619418,119919,2212809015,14000,985882751.23,147769,1671883262,757766,7605033852.3,227374,4673165534.2,0,1443110787,2483428.2,33261252916.76,A045,TR,ACQUASPARTA,,L2AB,TR,TR,TR00,55001,,,,,,,,55001,,,ACQUASPARTA,,,,6123255,1149,7537608,601,22761262,1155,16473211,490,2157522,33,2180939,24,-128952,17,1839167,13,,,,,,,,,,,,,,,,,,,,,,,52307970,2599,,,,,UMBRIA,TR,3482
2010,A047,14901.6,497170185.24,72424.8,1024499937.3,26794.6,551023543,365052.8,6386493525.4,84496,2641561106.1,208864,3568619418,254040,2212809015,0,985882751.23,33015,1671883262,465000,7605033852.3,155249,4673165534.2,37657,1443110787,1717494.8,33261252916.76,A047,AP,ACQUAVIVA PICENA,,K2AC,AP,AP,AP00,44002,,,,,,,,44002,,,ACQUAVIVA PICENA,,,,5929219,1145,5362937,438,14489705,736,11391765,333,1771131,28,1821248,20,-302673,12,1482229,9,,,,,,,,,,,,,,,,,,,,,,,36182063,1874,,,,,MARCHE,AP,2721
2010,A048,232935.5,497170185.24,177669.8,1024499937.3,236125.4,551023543,1897226.1,6386493525.4,984128,2641561106.1,627298,3568619418,507050,2212809015,0,985882751.23,425443,1671883262,2228415,7605033852.3,685697,4673165534.2,388349,1443110787,8390336.8,33261252916.76,A048,BA,ACQUAVIVA DELLE FONTI,,R1AB,BA,BA,BA00,72001,,,,,,,,72001,,,ACQUAVIVA DELLE FONTI,,,,23116846,5085,27086361,2179,77747504,3898,74067457,2254,9457440,149,11208756,124,-1408278,93,5658145,38,,,,,,,,,,,,,,,,,,,,,,,202640248,9811,,,,,PUGLIA,BA,13820
2010,A050,7078.4,497170185.24,28199.5,1024499937.3,24667.3,551023543,114830.8,6386493525.4,43154,2641561106.1,27414,3568619418,33977,2212809015,0,985882751.23,56638,1671883262,81602,7605033852.3,23439,4673165534.2,0,1443110787,441000,33261252916.76,A050,CB,ACQUAVIVA COLLECROCE,,P1AB,CB,CB,CB00,70001,,,,,,,,70001,,,ACQUAVIVA COLLECROCE,,,,1623799,356,1036897,86,1911744,98,772577,22,,,,,0,0,0,0,,,,,,,,,,,,,,,,,,,,,,,4187258,279,,,,,MOLISE,CB,562
2010,A051,0,497170185.24,35143.5,1024499937.3,20901.3,551023543,113171.1,6386493525.4,28733,2641561106.1,30754,3568619418,46970,2212809015,0,985882751.23,6989,1671883262,47269.1533649289,7605033852.3,11818,4673165534.2,0,1443110787,341749.053364929,33261252916.76,A051,IS,ACQUAVIVA D'ISERNIA,,P2AB,IS,IS,IS00,94001,,,,,,,,94001,,,ACQUAVIVA D'ISERNIA,,,,859844,175,637462,51,1603114,85,1040759,31,,,,,0,0,0,0,,,,,,,,,,,,,,,,,,,,,,,3585995,204,,,,,MOLISE,IS,342
2010,A052,497341.6,497170185.24,371788.2,1024499937.3,361036.9,551023543,2423424.5,6386493525.4,1611426,2641561106.1,1092242,3568619418,1297819,2212809015,57851,985882751.23,846452,1671883262,3828289,7605033852.3,934066,4673165534.2,333571,1443110787,13655307.2,33261252916.76,A052,AL,ACQUI TERME,,A2AB,AL,AL,AL10,6001,,,,,,,,6001,,,ACQUI TERME,,,,22972865,4404,30191672,2397,100201082,5049,88649257,2591,14557119,230,21864871,239,-724668,70,17818266,91,,,,,,,,,,,,,,,,,,,,,,,267112197,11792,,,,,PIEMONTE,AL,15071
2010,A053,117845,497170185.24,185920,1024499937.3,254972.9,551023543,2387894.6,6386493525.4,594254,2641561106.1,1702889,3568619418,729061,2212809015,45000,985882751.23,1407432,1671883262,1234730,7605033852.3,757512,4673165534.2,0,1443110787,9417510.5,33261252916.76,A053,CS,ACRI,,T3AD,CS,CS,CS00,78003,,,,,,,,78003,,,ACRI,,,,39170705,7408,28583933,2294,56523752,2879,48818131,1444,5532882,87,3700104,41,-493763,73,1227819,8,,,,,,,,,,,,,,,,,,,,,,,149492067,8156,,,,,CALABRIA,CS,14234
2010,A054,11909.8,497170185.24,96649.7,1024499937.3,22479.1,551023543,188997.9,6386493525.4,47438,2641561106.1,80749,3568619418,63751,2212809015,0,985882751.23,7365,1671883262,309980,7605033852.3,98179,4673165534.2,0,1443110787,927498.5,33261252916.76,A054,FR,ACUTO,,M2AC,FR,FR,FR00,60002,,,,,,,,60002,,,ACUTO,,,,2163629,438,2844296,229,7183318,365,4416806,133,510625,8,0,0,-41563,11,,,,,,,,,,,,,,,,,,,,,,,,,15258054,839,,,,,LAZIO,FR,1184
2010,A055,61539.8,497170185.24,118138.3,1024499937.3,139983.2,551023543,1217149.5,6386493525.4,466728,2641561106.1,444978,3568619418,358047,2212809015,1075,985882751.23,42459,1671883262,1753074,7605033852.3,761275,4673165534.2,141449,1443110787,5505895.8,33261252916.76,A055,BA,ADELFIA,,R1AC,BA,BA,BA00,72002,,,,,,,,72002,,,ADELFIA,,,,20063362,4565,21213678,1717,52525514,2637,51513644,1537,6242065,98,4985274,54,-903903,67,3500631,23,,,,,,,,,,,,,,,,,,,,,,,137265143,6923,,,,,PUGLIA,BA,10698
2010,A057,12855.5,497170185.24,28514.5,1024499937.3,18659.2,551023543,239442.7,6386493525.4,38782,2641561106.1,139984.469612155,3568619418,84000,2212809015,0,985882751.23,10000,1671883262,188763,7605033852.3,62422,4673165534.2,0,1443110787,823423.369612155,33261252916.76,A057,BG,ADRARA SAN MARTINO,,C2AB,BG,BG,BG00,16001,,,,,,,,16001,,,ADRARA SAN MARTINO,,,,2572423,474,2665507,216,10546985,534,7003937,203,1430092,23,1682780,19,,,1250244,7,,,,,,,,,,,,,,,,,,,,,,,23577818,1107,,,,,LOMBARDIA,BG,1476
2010,A058,0,497170185.24,20527.5,1024499937.3,22246,551023543,113895.6,6386493525.4,4631,2641561106.1,51120.6083566573,3568619418,52511,2212809015,0,985882751.23,402,1671883262,55000,7605033852.3,60036,4673165534.2,0,1443110787,380369.708356657,33261252916.76,A058,BG,ADRARA SAN ROCCO,,C2AC,BG,BG,BG00,16002,,,,,,,,16002,,,ADRARA SAN ROCCO,,,,972152,176,1146718,91,4547065,230,2097442,65,300461,5,,,0,0,,,,,,,,,,,,,,,,,,,,,,,,,8525920,459,,,,,LOMBARDIA,BG,567
2010,A059,169576.4,497170185.24,1226838.9,1024499937.3,341204.5,551023543,1911325.5,6386493525.4,820799,2641561106.1,908274,3568619418,468174,2212809015,0,985882751.23,685124,1671883262,2660175.84,7605033852.3,1826747,4673165534.2,188928,1443110787,11207167.14,33261252916.76,A059,RO,ADRIA,,D4AB,RO,RO,RO00,29001,,,,,,,,29001,,,ADRIA,,,,24258603,4745,35936560,2848,101157111,5095,75797211,2264,12518900,193,12549793,136,-629981,74,10087655,54,,,,,,,,,,,,,,,,,,,,,,,245571029,11778,,,,,VENETO,RO,15409
2010,A060,43910.3,497170185.24,86805.6,1024499937.3,67839.8,551023543,626032.4,6386493525.4,182319,2641561106.1,560995,3568619418,300780,2212809015,0,985882751.23,96337,1671883262,437184,7605033852.3,459033,4673165534.2,0,1443110787,2861236.1,33261252916.76,A060,BS,ADRO,,C3AE,BS,BS,BS00,17002,,,,,,,,17002,,,ADRO,,,,7643779,1533,10540164,829,37504072,1894,22907094,663,4431581,70,4979935,55,-217027,26,3494331,21,,,,,,,,,,,,,,,,,,,,,,,82182248,3976,,,,,LOMBARDIA,BS,5091
2010,A061,61982.2,497170185.24,175226.1,1024499937.3,41878.9,551023543,400955.1,6386493525.4,84420,2641561106.1,211141,3568619418,146000,2212809015,0,985882751.23,112761,1671883262,373001,7605033852.3,173279,4673165534.2,2900,1443110787,1783544.3,33261252916.76,A061,VR,AFFI,,D6AB,VR,VR,VR00,23001,,,,,,,,23001,,,AFFI,,,,2719913,568,3065101,241,11348430,565,9117197,267,1511048,24,2236047,25,-56421,9,2343527,14,,,,,,,,,,,,,,,,,,,,,,,28996126,1319,,,,,VENETO,VR,1713
2010,A062,0,497170185.24,56287,1024499937.3,21184.8,551023543,139713,6386493525.4,48446,2641561106.1,88519,3568619418,48050,2212809015,0,985882751.23,8026,1671883262,241580,7605033852.3,69320,4673165534.2,0,1443110787,721125.8,33261252916.76,A062,RM,AFFILE,,M1AB,RM,RM,RM20,58001,,,,,,,,58001,,,AFFILE,,,,1921167,375,1633665,130,5889503,295,4669819,142,266283,4,,,,,,,,,,,,,,,,,,,,,,,,,,,,,13263585,629,,,,,LAZIO,RM,946
2010,A064,112613.9,497170185.24,599162.9,1024499937.3,664720,551023543,7217445.2,6386493525.4,2994689,2641561106.1,2784723,3568619418,822105,2212809015,10583,985882751.23,1763739,1671883262,9016579,7605033852.3,6860809,4673165534.2,0,1443110787,32847169,33261252916.76,A064,,AFRAGOLA,,Q1AC,,,NA20,63002,,,,,,,,63002,,,AFRAGOLA,,,,56087819,12019,55657801,4475,136642567,6951,100803977,3028,10365344,164,13079429,140,-1715520,166,7997080,48,,,,,,,,,,,,,,,,,,,,,,,323223427,17527,,,,,CAMPANIA,,26991
2010,A065,257.6,497170185.24,81069.8,1024499937.3,147036.4,551023543,515402.3,6386493525.4,72896,2641561106.1,45594,3568619418,164619,2212809015,0,985882751.23,17099,1671883262,343495,7605033852.3,33240,4673165534.2,0,1443110787,1420709.1,33261252916.76,A065,RC,AFRICO,,T1AB,RC,RC,RC00,80001,,,,,,,,80001,,,AFRICO,,,,6592181,1219,3961047,325,12433871,642,3338946,103,406369,6,,,,,0,0,,,,,,,,,,,,,,,,,,,,,,,23744759,1598,,,,,CALABRIA,RC,2295
2010,A067,4200,497170185.24,83475.7,1024499937.3,37579.5,551023543,236009.9,6386493525.4,37724.6903325794,2641561106.1,161683,3568619418,128431,2212809015,0,985882751.23,55895.6793505603,1671883262,241719,7605033852.3,174668,4673165534.2,54480,1443110787,1215866.46968314,33261252916.76,A067,PC,AGAZZANO,,H6AB,PC,PC,PC00,33001,,,,,,,,33001,,,AGAZZANO,,,,2605130,460,3830804,310,9177150,466,8384230,250,2461357,39,917743,10,-36838,5,1418648,10,,,,,,,,,,,,,,,,,,,,,,,25863044,1245,,,,,EMILIA-ROMAGNA,PC,1550
2010,A068,158720.1,497170185.24,225397.9,1024499937.3,57597.4,551023543,654504.9,6386493525.4,364020,2641561106.1,302791,3568619418,371690,2212809015,0,985882751.23,83300,1671883262,920495,7605033852.3,163854,4673165534.2,0,1443110787,3302370.3,33261252916.76,A068,,AGEROLA,,Q1AD,,,NA20,63003,,,,,,,,63003,,,AGEROLA,,,,11227463,2177,9165693,745,18495067,943,11866603,358,1209431,19,1667035,19,-162624,21,1400620,9,,,,,,,,,,,,,,,,,,,,,,,43168010,2483,,,,,CAMPANIA,,4291
2010,A071,104160,497170185.24,367315.2,1024499937.3,185199.7,551023543,1215197.2,6386493525.4,512372,2641561106.1,803575,3568619418,565053,2212809015,13101,985882751.23,493606,1671883262,2517481.06,7605033852.3,1755830,4673165534.2,667148,1443110787,9200038.16,33261252916.76,A071,PT,AGLIANA,,I8AC,PT,PT,PT00,47002,,,,,,,,47002,,,AGLIANA,,,,18990809,3442,27980992,2225,83918042,4278,50393064,1495,8016210,126,8666852,95,-866600,71,2926435,19,,,,,,,,,,,,,,,,,,,,,,,179032721,9222,,,,,TOSCANA,PT,11751
2010,A072,14773.4496402878,497170185.24,62532.9312152332,1024499937.3,336,551023543,275487.1,6386493525.4,32419.657796224,2641561106.1,67289,3568619418,169550,2212809015,10271,985882751.23,10746.5372721354,1671883262,169406,7605033852.3,25691,4673165534.2,0,1443110787,838502.67592388,33261252916.76,A072,AT,AGLIANO TERME,,A3AB,AT,AT,AT00,5001,,,,,,,,5001,,,AGLIANO TERME,,,,2639835,535,2934846,236,7496407,378,4477547,131,1097903,18,756792,8,-18370,5,797083,5,,,,,,,,,,,,,,,,,,,,,,,17643972,929,,,,,PIEMONTE,AT,1316
2010,A074,27982.5,497170185.24,80687.6085069444,1024499937.3,70706.3,551023543,296167.9,6386493525.4,84254,2641561106.1,100332,3568619418,193194,2212809015,0,985882751.23,10594,1671883262,381989.34,7605033852.3,117326,4673165534.2,0,1443110787,1363233.64850694,33261252916.76,A074,TO,AGLIE',,A1AC,TO,TO,TO40,1001,,,,,,,,1001,,,AGLIE',,,,2853217,527,3531264,279,14343610,734,11459826,339,2995508,47,2937483,32,-43401,8,2978839,15,,,,,,,,,,,,,,,,,,,,,,,37926005,1631,,,,,PIEMONTE,TO,1981
2010,A075,1136.8,497170185.24,55049.4,1024499937.3,32788,551023543,366733.5,6386493525.4,34015,2641561106.1,150596,3568619418,196299,2212809015,0,985882751.23,40342,1671883262,275502,7605033852.3,193366.25,4673165534.2,0,1443110787,1345827.95,33261252916.76,A075,PD,AGNA,,D3AC,PD,PD,PD00,28002,,,,,,,,28002,,,AGNA,,,,4044285,777,5701822,448,16860707,856,9885989,287,1001888,16,1091030,12,-98235,8,,,,,,,,,,,,,,,,,,,,,,,,,33903555,1794,,,,,VENETO,PD,2404
2010,A076,3104.5,497170185.24,96004.3,1024499937.3,30110.5,551023543,314076.7,6386493525.4,78602,2641561106.1,181133,3568619418,107707,2212809015,0,985882751.23,61655,1671883262,374398,7605033852.3,288230,4673165534.2,0,1443110787,1535021,33261252916.76,A076,CR,AGNADELLO,,C5AD,CR,CR,LO00,19002,,,,,,,,19002,,,AGNADELLO,,,,3434752,681,4982271,393,19867331,992,15582357,446,2114244,33,1702721,19,-35361,7,1823379,11,,,,,,,,,,,,,,,,,,,,,,,45047894,2087,,,,,LOMBARDIA,CR,2582
2010,A077,3605,497170185.24,13881.7,1024499937.3,35684.6,551023543,145660.9,6386493525.4,3192,2641561106.1,14805,3568619418,47621,2212809015,0,985882751.23,0,1671883262,36811,7605033852.3,113106,4673165534.2,0,1443110787,414367.2,33261252916.76,A077,RC,AGNANA CALABRA,,T1AC,RC,RC,RC00,80002,,,,,,,,80002,,,AGNANA CALABRA,,,,1255010,235,1074368,86,1067779,56,540326,16,,,0,0,,,,,,,,,,,,,,,,,,,,,,,,,,,3211678,225,,,,,CALABRIA,RC,393
2010,A080,6360.9,497170185.24,356927.2,1024499937.3,77370.3,551023543,622358.8,6386493525.4,271645,2641561106.1,331338,3568619418,252880,2212809015,0,985882751.23,13927,1671883262,442425,7605033852.3,442495,4673165534.2,0,1443110787,2817727.2,33261252916.76,A080,IS,AGNONE,,P2AC,IS,IS,IS00,94002,,,,,,,,94002,,,AGNONE,,,,8098451,1841,7164080,581,17883416,888,20098396,616,2661610,41,2960807,32,-69504,11,2763175,14,,,,,,,,,,,,,,,,,,,,,,,52997213,2465,,,,,MOLISE,IS,4024
2010,A081,0,497170185.24,32719.4,1024499937.3,0,551023543,230316.8,6386493525.4,25559,2641561106.1,26237,3568619418,123453,2212809015,0,985882751.23,9563,1671883262,81077,7605033852.3,65359,4673165534.2,0,1443110787,594284.2,33261252916.76,A081,FR,VILLA LATINA,,M2DP,FR,FR,FR00,60088,,,,,,,,60088,,,VILLA LATINA,,,,2105213,439,1475862,122,3077640,160,2018841,61,322498,5,,,-58215,7,,,,,,,,,,,,,,,,,,,,,,,,,7482228,453,,,,,LAZIO,FR,794
2010,A082,32998,497170185.24,45392.2,1024499937.3,25321.1,551023543,201306.7,6386493525.4,45577,2641561106.1,124470.741635047,3568619418,234503,2212809015,0,985882751.23,12838,1671883262,148733,7605033852.3,97708,4673165534.2,0,1443110787,968847.741635047,33261252916.76,A082,BS,AGNOSINE,,C3AF,BS,BS,BS20,17003,,,,,,,,17003,,,AGNOSINE,,,,2001167,356,2953118,234,10280286,519,5657882,167,1427349,22,1323018,13,,,0,0,,,,,,,,,,,,,,,,,,,,,,,21303497,1058,,,,,LOMBARDIA,BS,1311
2010,A083,27602.4,497170185.24,219581.6,1024499937.3,90256.6,551023543,455367.5,6386493525.4,81862,2641561106.1,203303.749710313,3568619418,235317,2212809015,2243,985882751.23,70780.1351947098,1671883262,635826.290962528,7605033852.3,182438,4673165534.2,142863,1443110787,2347441.27586755,33261252916.76,A083,BL,AGORDO,,D2AB,BL,BL,BL00,25001,,,,,,,,25001,,,AGORDO,,,,3921278,780,5826014,464,27329024,1370,22691675,664,3521944,55,5301128,58,-58768,11,6138575,23,,,,,,,,,,,,,,,,,,,,,,,69340584,2859,,,,,VENETO,BL,3425
2010,A084,36050.7,497170185.24,61941.3877398222,1024499937.3,23744.7,551023543,174499.5,6386493525.4,309890,2641561106.1,64407,3568619418,138986,2212809015,0,985882751.23,7143,1671883262,247138,7605033852.3,112688,4673165534.2,0,1443110787,1176488.28773982,33261252916.76,A084,RM,AGOSTA,,M1AC,RM,RM,RM20,58002,,,,,,,,58002,,,AGOSTA,,,,1514892,283,1826756,145,7812483,389,6078585,186,,,476823,5,-8790,5,0,0,,,,,,,,,,,,,,,,,,,,,,,16582444,820,,,,,LAZIO,RM,1013
2010,A085,1188.6,497170185.24,9240,1024499937.3,13082.3,551023543,95851.7,6386493525.4,0,2641561106.1,10281.0819672131,3568619418,77157,2212809015,0,985882751.23,4850,1671883262,52674.8227005871,7605033852.3,0,4673165534.2,0,1443110787,264325.5046678,33261252916.76,A085,VA,AGRA,,C9AC,VA,VA,VA00,12001,,,,,,,,12001,,,AGRA,,,,415648,92,393715,31,918394,46,1243622,35,255823,4,359612,4,0,0,,,,,,,,,,,,,,,,,,,,,,,,,3408560,140,,,,,LOMBARDIA,VA,212
2010,A087,210448.7,497170185.24,327751.9,1024499937.3,53607.4,551023543,1484449.4,6386493525.4,577595,2641561106.1,1151049.11637118,3568619418,528907,2212809015,450,985882751.23,600310,1671883262,1815568,7605033852.3,1158844,4673165534.2,606472,1443110787,8515452.51637118,33261252916.76,A087,MB,AGRATE BRIANZA,,C1AF,MI,MI,MI20,108001,,,,,,,,108001,,,AGRATE BRIANZA,,,,11649839,2294,17558815,1385,82416482,4084,89465726,2547,20626922,329,18107360,199,-209264,36,19230508,82,,,,,,,,,,,,,,,,,,,,,,,241137253,9218,,,,,LOMBARDIA,MB,10956
2010,A088,467.6,497170185.24,29912.4,1024499937.3,31977.4,551023543,251784.4,6386493525.4,39578,2641561106.1,70615.6771397617,3568619418,122751,2212809015,0,985882751.23,17327,1671883262,137185,7605033852.3,68778,4673165534.2,10400,1443110787,780776.477139762,33261252916.76,A088,NO,AGRATE CONTURBIA,,A5AE,NO,NO,NO00,3001,,,,,,,,3001,,,AGRATE CONTURBIA,,,,1441429,285,1816974,145,6899532,343,7290720,205,2214211,33,3112049,34,-92973,8,4247711,20,,,,,,,,,,,,,,,,,,,,,,,24821757,869,,,,,PIEMONTE,NO,1073
2010,A091,319150.3,497170185.24,139162.8,1024499937.3,215704.3,551023543,2249588.6,6386493525.4,849728,2641561106.1,836814,3568619418,825954,2212809015,63136,985882751.23,389854,1671883262,0,7605033852.3,562263,4673165534.2,0,1443110787,6451355,33261252916.76,A091,SA,AGROPOLI,,Q5AC,SA,SA,SA00,65002,,,,,,,,65002,,,AGROPOLI,,,,24037440,5044,19750734,1589,57024492,2838,66344874,1977,11059271,170,10950436,120,-1139919,105,7492368,37,,,,,,,,,,,,,,,,,,,,,,,171402946,7930,,,,,CAMPANIA,SA,11880
2010,A092,28816.9,497170185.24,82095.3,1024499937.3,41052.2,551023543,536807.6,6386493525.4,97855.3825260299,2641561106.1,334943.087776232,3568619418,207329,2212809015,10998,985882751.23,90281,1671883262,450455.892937981,7605033852.3,212345.383657764,4673165534.2,89221.7873070326,1443110787,2182201.53420504,33261252916.76,A092,AN,AGUGLIANO,,K1AB,AN,AN,AN00,42001,,,,,,,,42001,,,AGUGLIANO,,,,4795080,895,7028290,555,25785510,1283,20768447,622,3450473,56,3321648,36,-60373,5,2881683,17,,,,,,,,,,,,,,,,,,,,,,,61976484,2825,,,,,MARCHE,AN,3469
2010,A093,2800,497170185.24,85050,1024499937.3,0,551023543,267473.5,6386493525.4,0,2641561106.1,16910,3568619418,0,2212809015,0,985882751.23,0,1671883262,84917,7605033852.3,71152,4673165534.2,0,1443110787,528302.5,33261252916.76,A093,VI,AGUGLIARO,,D7AB,VI,VI,VI00,24001,,,,,,,,24001,,,AGUGLIARO,,,,1596030,322,2268226,181,7569541,380,4506739,133,422296,7,692440,8,-87696,6,,,,,,,,,,,,,,,,,,,,,,,,,15509653,790,,,,,VENETO,VI,1037
2010,A096,34099.1,497170185.24,33231.8,1024499937.3,157.5,551023543,301179.9,6386493525.4,37111,2641561106.1,160481,3568619418,56209,2212809015,0,985882751.23,84201,1671883262,252021,7605033852.3,117364,4673165534.2,0,1443110787,1076055.3,33261252916.76,A096,MB,AICURZIO,,C1AG,MI,MI,MI20,108002,,,,,,,,108002,,,AICURZIO,,,,1548712,306,2283434,180,11474021,574,12906881,377,2635813,41,2230677,24,,,5021241,15,,,,,,,,,,,,,,,,,,,,,,,35576051,1267,,,,,LOMBARDIA,MB,1517
2010,A100,3934,497170185.24,112560,1024499937.3,34005.3,551023543,291755.1,6386493525.4,49919,2641561106.1,9545,3568619418,59038.0807922037,2212809015,0,985882751.23,71293,1671883262,69721,7605033852.3,40183,4673165534.2,0,1443110787,741953.480792204,33261252916.76,A100,AQ,AIELLI,,N1AC,AQ,AQ,AQ00,66002,,,,,,,,66002,,,AIELLI,,,,2501164,532,2275895,185,5365423,268,4110250,126,,,518591,6,-63655,4,,,,,,,,,,,,,,,,,,,,,,,,,12898896,728,,,,,ABRUZZO,AQ,1121
2010,A101,103672.1,497170185.24,122346,1024499937.3,55766.9,551023543,337400.7,6386493525.4,75584,2641561106.1,94942,3568619418,94754,2212809015,0,985882751.23,32630,1671883262,459354,7605033852.3,66453,4673165534.2,0,1443110787,1442902.7,33261252916.76,A101,AV,AIELLO DEL SABATO,,Q2AB,AV,AV,AV00,64001,,,,,,,,64001,,,AIELLO DEL SABATO,,,,4678171,911,4015530,327,10588202,534,11556960,343,1134143,18,2008385,22,-195502,19,,,,,,,,,,,,,,,,,,,,,,,,,29545555,1447,,,,,CAMPANIA,AV,2174
2010,A102,0,497170185.24,91905.1,1024499937.3,41727.7,551023543,404181.4,6386493525.4,61812,2641561106.1,128233,3568619418,68995,2212809015,0,985882751.23,29000,1671883262,137157,7605033852.3,62849,4673165534.2,0,1443110787,1025860.2,33261252916.76,A102,CS,AIELLO CALABRO,,T3AE,CS,CS,CS00,78004,,,,,,,,78004,,,AIELLO CALABRO,,,,3950363,790,2260468,186,4295606,219,2559541,80,319950,5,346162,4,,,0,0,,,,,,,,,,,,,,,,,,,,,,,10243200,616,,,,,CALABRIA,CS,1284
2010,A105,667.8,497170185.24,31894.8,1024499937.3,28676.2,551023543,151002.6,6386493525.4,69951,2641561106.1,30213,3568619418,136737,2212809015,0,985882751.23,11593,1671883262,52861,7605033852.3,34022,4673165534.2,0,1443110787,547618.4,33261252916.76,A105,CS,AIETA,,T3AG,CS,CS,CS00,78005,,,,,,,,78005,,,AIETA,,,,1672238,289,994477,83,1048227,55,713491,24,,,,,-51241,5,,,,,,,,,,,,,,,,,,,,,,,,,3479695,220,,,,,CALABRIA,CS,456
2010,A106,3656.8,497170185.24,46179.7,1024499937.3,840,551023543,242076.8,6386493525.4,34484,2641561106.1,57957,3568619418,61693,2212809015,0,985882751.23,293,1671883262,111170,7605033852.3,46073,4673165534.2,0,1443110787,604423.3,33261252916.76,A106,CE,AILANO,,Q4AC,CE,CE,CE00,61001,,,,,,,,61001,,,AILANO,,,,2130484,407,2129923,174,4314363,222,2769095,87,,,,,-36324,7,,,,,,,,,,,,,,,,,,,,,,,,,10068539,573,,,,,CAMPANIA,CE,897
2010,A107,0,497170185.24,1432.2,1024499937.3,0,551023543,73213.7,6386493525.4,0,2641561106.1,18787.935483871,3568619418,32311,2212809015,0,985882751.23,0,1671883262,29302,7605033852.3,19864,4673165534.2,8713.26732673267,1443110787,183624.102810604,33261252916.76,A107,BI,AILOCHE,,A6AC,BI,BI,BI00,96001,,,,,,,,96001,,,AILOCHE,,,,280107,50,680039,53,1936705,101,894234,28,,,,,0,0,0,0,,,,,,,,,,,,,,,,,,,,,,,3701492,197,,,,,PIEMONTE,BI,232
2010,A109,25211.9,497170185.24,50929.9,1024499937.3,41584.9,551023543,316424.5,6386493525.4,142796,2641561106.1,258228,3568619418,172533,2212809015,0,985882751.23,99612,1671883262,464049,7605033852.3,222762,4673165534.2,0,1443110787,1794131.2,33261252916.76,A109,TO,AIRASCA,,A1AD,TO,TO,TO50,1002,,,,,,,,1002,,,AIRASCA,,,,3243059,623,5092893,407,20462541,1030,15519145,456,1932548,30,2168111,23,-49970,6,1129181,7,,,,,,,,,,,,,,,,,,,,,,,45644398,2154,,,,,PIEMONTE,TO,2582
2010,A110,125893.6,497170185.24,408003.4,1024499937.3,122241,551023543,982740.5,6386493525.4,307261,2641561106.1,395186,3568619418,138929,2212809015,0,985882751.23,81109,1671883262,880000,7605033852.3,231403,4673165534.2,0,1443110787,3672766.5,33261252916.76,A110,BN,AIROLA,,Q3AB,BN,BN,BN00,62001,,,,,,,,62001,,,AIROLA,,,,9706757,1933,12172196,1010,21664761,1095,24071625,720,3506643,54,4227255,46,-385718,28,1118999,7,,,,,,,,,,,,,,,,,,,,,,,65592740,3256,,,,,CAMPANIA,BN,4893
2010,A111,517.3,497170185.24,20146.7,1024499937.3,0,551023543,114451.4,6386493525.4,39380,2641561106.1,18470.4752714113,3568619418,38843,2212809015,0,985882751.23,1723,1671883262,73621.2190822608,7605033852.3,0,4673165534.2,0,1443110787,307153.094353672,33261252916.76,A111,IM,AIROLE,,G2AB,IM,IM,IM10,8001,,,,,,,,8001,,,AIROLE,,,,457451,116,500963,42,1265219,61,860455,28,,,0,0,-40391,4,,,,,,,,,,,,,,,,,,,,,,,,,2881928,161,,,,,LIGURIA,IM,251
2010,A112,27918.1,497170185.24,111974.8,1024499937.3,42596.4,551023543,293323.8,6386493525.4,122672,2641561106.1,82266,3568619418,133500,2212809015,0,985882751.23,18294,1671883262,178097,7605033852.3,330873,4673165534.2,0,1443110787,1341515.1,33261252916.76,A112,LC,AIRUNO,,C4AE,LC,LC,LC00,97002,,,,,,,,97002,,,AIRUNO,,,,2511671,509,3583528,281,17745969,892,11822910,341,2672904,42,1879826,20,-6778,4,661345,4,,,,,,,,,,,,,,,,,,,,,,,37095478,1694,,,,,LOMBARDIA,LC,2093
2010,A113,4995.9,497170185.24,22761.9,1024499937.3,1113,551023543,135666.3,6386493525.4,1535,2641561106.1,7546.66879350348,3568619418,117005,2212809015,0,985882751.23,3006.07587304246,1671883262,43946,7605033852.3,7615,4673165534.2,0,1443110787,345190.844666546,33261252916.76,A113,CN,AISONE,,A4AC,CN,CN,CN00,4002,,,,,,,,4002,,,AISONE,,,,380150,67,613969,49,1395393,70,1070514,31,,,0,0,0,0,0,0,,,,,,,,,,,,,,,,,,,,,,,3197484,175,,,,,PIEMONTE,CN,217
2010,A117,12789,497170185.24,6835.5,1024499937.3,2341.5,551023543,134937.6,6386493525.4,44014,2641561106.1,41346.7647058823,3568619418,85155,2212809015,0,985882751.23,7798,1671883262,90001,7605033852.3,14845,4673165534.2,0,1443110787,440063.364705882,33261252916.76,A117,TO,ALA DI STURA,,A1AE,TO,TO,TO20,1003,,,,,,,,1003,,,ALA DI STURA,,,,519780,120,611132,51,2213446,115,1887840,56,,,,,,,,,,,,,,,,,,,,,,,,,,,,,,,5014486,259,,,,,PIEMONTE,TO,342
2010,A118,8976.8,497170185.24,8421.7,1024499937.3,669.2,551023543,123349.8,6386493525.4,11975,2641561106.1,32025,3568619418,58319,2212809015,1536,985882751.23,4777,1671883262,110448,7605033852.3,14599,4673165534.2,0,1443110787,375096.5,33261252916.76,A118,PV,ALAGNA,,C7AB,PV,PV,PV10,18001,,,,,,,,18001,,,ALAGNA,,,,721910,148,1546782,125,4847777,248,3483541,103,386182,6,783692,9,,,1184134,7,,,,,,,,,,,,,,,,,,,,,,,11860784,535,,,,,LOMBARDIA,PV,646
2010,A119,17858.0562025316,497170185.24,45210.2,1024499937.3,26460,551023543,146643.7,6386493525.4,29000,2641561106.1,59690.4089219331,3568619418,101395.167616876,2212809015,0,985882751.23,2480.33310946944,1671883262,56840.7214170692,7605033852.3,21234,4673165534.2,0,1443110787,506812.587267879,33261252916.76,A119,VC,ALAGNA VALSESIA,,A6AD,VC,VC,VC00,2002,,,,,,,,2002,,,ALAGNA VALSESIA,,,,566835,112,808412,65,2077373,103,1703303,51,390367,6,605992,6,,,,,,,,,,,,,,,,,,,,,,,,,,,5685104,275,,,,,PIEMONTE,VC,343
2010,A120,22421.7,497170185.24,96003.6,1024499937.3,48454,551023543,365929.9,6386493525.4,98640,2641561106.1,277392,3568619418,276925,2212809015,0,985882751.23,78982,1671883262,349963,7605033852.3,115719,4673165534.2,0,1443110787,1730430.2,33261252916.76,A120,PE,ALANNO,,N3AC,PE,PE,PE00,68002,,,,,,,,68002,,,ALANNO,,,,5237749,1087,5351014,433,15036832,764,9280530,282,1015078,16,534916,6,-194750,18,,,,,,,,,,,,,,,,,,,,,,,,,31561178,1723,,,,,ABRUZZO,PE,2606
2010,A121,18023.4880775892,497170185.24,74979.1,1024499937.3,45369.8,551023543,279913.2,6386493525.4,42797,2641561106.1,128774,3568619418,138071,2212809015,0,985882751.23,96440.6900831025,1671883262,269360.456509695,7605033852.3,197115,4673165534.2,0,1443110787,1290843.73467039,33261252916.76,A121,BL,ALANO DI PIAVE,,D2AC,BL,BL,BL00,25002,,,,,,,,25002,,,ALANO DI PIAVE,,,,3371804,705,5404657,428,15344458,790,6283216,187,986708,15,1329344,14,-41999,4,944776,6,,,,,,,,,,,,,,,,,,,,,,,29797667,1590,,,,,VENETO,BL,2149
2010,A122,202477.8,497170185.24,653601.9,1024499937.3,360280.9,551023543,2025997.4,6386493525.4,1005513,2641561106.1,785840,3568619418,834455,2212809015,241713,985882751.23,1150563,1671883262,4593524,7605033852.3,1760367,4673165534.2,262474,1443110787,13876807,33261252916.76,A122,SV,ALASSIO,,G4AB,SV,SV,SV10,9001,,,,,,,,9001,,,ALASSIO,,,,15038370,2908,18449326,1481,44734669,2272,48649522,1371,12728321,200,17779406,195,-838436,95,20965951,94,,,,,,,,,,,,,,,,,,,,,,,156773611,6439,,,,,LIGURIA,SV,8616
2010,A123,118902,497170185.24,577222.1,1024499937.3,295192.1,551023543,1990345,6386493525.4,764222,2641561106.1,1149621,3568619418,511301,2212809015,211065,985882751.23,560636,1671883262,3276000,7605033852.3,4429413,4673165534.2,684739,1443110787,14568658.2,33261252916.76,A123,FR,ALATRI,,M2AD,FR,FR,FR00,60003,,,,,,,,60003,,,ALATRI,,,,32578880,6269,35896322,2864,113902386,5771,80304797,2405,10287571,162,11496662,124,-866075,96,8969769,52,,,,,,,,,,,,,,,,,,,,,,,259867877,12980,,,,,LAZIO,FR,17743
2010,A124,497688.1,497170185.24,757097.6,1024499937.3,239301.3,551023543,2981984.6,6386493525.4,1272776,2641561106.1,1922295,3568619418,1907272,2212809015,222547,985882751.23,1256697,1671883262,4393007,7605033852.3,2611521,4673165534.2,407988,1443110787,18470174.6,33261252916.76,A124,CN,ALBA,,A4AD,CN,CN,CN10,4003,,,,,,,,4003,,,ALBA,,,,29741840,5971,43530242,3455,168578716,8432,156647264,4485,36865793,577,42511233,453,-1394575,122,64727058,295,,,,,,,,,,,,,,,,,,,,,,,501761233,19541,,,,,PIEMONTE,CN,23790
2010,A125,132575.1,497170185.24,185134.6,1024499937.3,105385,551023543,1397173.4,6386493525.4,487947,2641561106.1,665930.232935346,3568619418,301859,2212809015,0,985882751.23,755396,1671883262,1651035.9133442,7605033852.3,444170.470733483,4673165534.2,304786,1443110787,6431392.71701303,33261252916.76,A125,TE,ALBA ADRIATICA,,N4AB,TE,TE,TE00,67001,,,,,,,,67001,,,ALBA ADRIATICA,,,,18071657,3803,17918504,1441,39663535,2036,31466508,917,5244363,83,6282101,70,-2291072,87,3661429,17,,,,,,,,,,,,,,,,,,,,,,,104695500,5679,,,,,ABRUZZO,TE,8454
2010,A127,2380,497170185.24,121984.8,1024499937.3,95146.1,551023543,478867.2,6386493525.4,227994,2641561106.1,344655,3568619418,232327,2212809015,0,985882751.23,216836,1671883262,586880,7605033852.3,268764,4673165534.2,125000,1443110787,2700834.1,33261252916.76,A127,MI,ALBAIRATE,,C1AH,MI,MI,PV00,15005,,,,,,,,15005,,,ALBAIRATE,,,,3762383,713,5965363,470,24216708,1202,25699482,741,4636761,72,5133368,57,-150839,20,3619455,19,,,,,,,,,,,,,,,,,,,,,,,67225229,2753,,,,,LOMBARDIA,MI,3294
2010,A128,32633.3,497170185.24,166848.5,1024499937.3,74206.3,551023543,409561.6,6386493525.4,70303,2641561106.1,328274,3568619418,236110,2212809015,0,985882751.23,73334,1671883262,715610,7605033852.3,162318,4673165534.2,30581.1151586369,1443110787,2299779.81515864,33261252916.76,A128,SA,ALBANELLA,,Q5AD,SA,SA,SA00,65003,,,,,,,,65003,,,ALBANELLA,,,,11753816,2217,9644629,785,14972354,782,10766070,324,1069913,17,1137688,13,-186047,30,,,,,,,,,,,,,,,,,,,,,,,,,40023884,2495,,,,,CAMPANIA,SA,4168
2010,A129,135114.7,497170185.24,179358.9,1024499937.3,93985.5,551023543,595300.3,6386493525.4,160020,2641561106.1,816261,3568619418,183193,2212809015,0,985882751.23,10779,1671883262,586135.7,7605033852.3,586831,4673165534.2,0,1443110787,3346979.1,33261252916.76,A129,BG,ALBANO SANT'ALESSANDRO,,C2AD,BG,BG,BG00,16003,,,,,,,,16003,,,ALBANO SANT'ALESSANDRO,,,,6835278,1303,9901975,787,42531466,2109,34245953,996,6432119,102,6243669,68,-187918,16,3647871,21,,,,,,,,,,,,,,,,,,,,,,,99432598,4401,,,,,LOMBARDIA,BG,5402
2010,A130,0,497170185.24,5695.2,1024499937.3,37802.8,551023543,54997.6,6386493525.4,36013,2641561106.1,10210.6451612903,3568619418,20705,2212809015,0,985882751.23,622,1671883262,35854,7605033852.3,7880,4673165534.2,0,1443110787,209780.24516129,33261252916.76,A130,VC,ALBANO VERCELLESE,,A6AE,VC,VC,VC00,2003,,,,,,,,2003,,,ALBANO VERCELLESE,,,,269986,68,678975,54,1801961,90,1047437,32,0,0,,,,,0,0,,,,,,,,,,,,,,,,,,,,,,,3634131,190,,,,,PIEMONTE,VC,244
2010,A131,5947.9,497170185.24,33933.2,1024499937.3,58430.4,551023543,339831.8,6386493525.4,42138,2641561106.1,118684,3568619418,119366,2212809015,0,985882751.23,11079,1671883262,213059,7605033852.3,43943,4673165534.2,0,1443110787,986412.3,33261252916.76,A131,PZ,ALBANO DI LUCANIA,,S1AD,PZ,PZ,PZ00,76003,,,,,,,,76003,,,ALBANO DI LUCANIA,,,,2440631,444,1952834,155,5112883,261,3362131,108,,,,,,,0,0,,,,,,,,,,,,,,,,,,,,,,,11162268,634,,,,,BASILICATA,PZ,968
2010,A132,385240.1,497170185.24,591527.3,1024499937.3,620281.9,551023543,3986035.9,6386493525.4,1462816,2641561106.1,2724757,3568619418,990147,2212809015,369560,985882751.23,1036099,1671883262,6497743,7605033852.3,4252120,4673165534.2,568296,1443110787,23484623.2,33261252916.76,A132,RM,ALBANO LAZIALE,,M1AD,RM,RM,RM20,58003,,,,,,,,58003,,,ALBANO LAZIALE,,,,37545904,7705,46475851,3704,160003381,7953,175266969,5042,34543182,543,32616833,355,-1243390,126,28572257,113,,,,,,,,,,,,,,,,,,,,,,,473499015,20003,,,,,LAZIO,RM,25541
2010,A134,1379.76854771784,497170185.24,0,1024499937.3,49.7,551023543,52584.8434854772,6386493525.4,41234,2641561106.1,7706.44578313253,3568619418,10871.6663900415,2212809015,0,985882751.23,462.655601659751,1671883262,23826.9485477178,7605033852.3,3102.56846473029,4673165534.2,0,1443110787,141218.596820477,33261252916.76,A134,PV,ALBAREDO ARNABOLDI,,C7AC,PV,PV,PV20,18002,,,,,,,,18002,,,ALBAREDO ARNABOLDI,,,,304846,50,320131,26,1275921,64,682874,20,389620,6,,,0,0,,,,,,,,,,,,,,,,,,,,,,,,,2961685,135,,,,,LOMBARDIA,PV,166
2010,A135,385,497170185.24,7856.1,1024499937.3,0,551023543,136682,6386493525.4,0,2641561106.1,20200,3568619418,43240,2212809015,0,985882751.23,0,1671883262,33500,7605033852.3,17358,4673165534.2,0,1443110787,259221.1,33261252916.76,A135,SO,ALBAREDO PER SAN MARCO,,C8AC,SO,SO,SO00,14001,,,,,,,,14001,,,ALBAREDO PER SAN MARCO,,,,482133,96,555124,43,2021121,103,601234,20,0,0,0,0,0,0,0,0,,,,,,,,,,,,,,,,,,,,,,,3146821,185,,,,,LOMBARDIA,SO,262
2010,A137,51601.9,497170185.24,155381.8,1024499937.3,47355.7,551023543,576745.4,6386493525.4,200104,2641561106.1,274852,3568619418,184838,2212809015,0,985882751.23,4700,1671883262,468464,7605033852.3,304789,4673165534.2,0,1443110787,2268831.8,33261252916.76,A137,VR,ALBAREDO D'ADIGE,,D6AC,VR,VR,VR00,23002,,,,,,,,23002,,,ALBAREDO D'ADIGE,,,,6762297,1438,8737069,697,25821523,1301,14722666,436,1847331,30,1809325,20,-111865,15,2811565,10,,,,,,,,,,,,,,,,,,,,,,,54776635,2871,,,,,VENETO,VR,3947
2010,A138,40859,497170185.24,140037.8,1024499937.3,23175.6,551023543,257093.2,6386493525.4,76154,2641561106.1,177055,3568619418,177246,2212809015,6050,985882751.23,20759.1081081081,1671883262,320286.378869779,7605033852.3,108712,4673165534.2,0,1443110787,1347428.08697789,33261252916.76,A138,PR,ALBARETO,,H5AB,PR,PR,PR00,34001,,,,,,,,34001,,,ALBARETO,,,,3820731,806,3571031,288,10959339,551,6801859,207,631729,10,900612,10,-63964,5,,,,,,,,,,,,,,,,,,,,,,,,,23785128,1295,,,,,EMILIA-ROMAGNA,PR,1877
2010,A139,0,497170185.24,4826.5,1024499937.3,29.4,551023543,106207.5,6386493525.4,0,2641561106.1,8819,3568619418,55184,2212809015,0,985882751.23,972.414565826331,1671883262,33891,7605033852.3,6574,4673165534.2,0,1443110787,216503.814565826,33261252916.76,A139,CN,ALBARETTO DELLA TORRE,,A4AE,CN,CN,CN10,4004,,,,,,,,4004,,,ALBARETTO DELLA TORRE,,,,294346,66,388283,31,1483942,75,1137526,33,,,,,,,,,,,,,,,,,,,,,,,,,,,,,,,3360276,157,,,,,PIEMONTE,CN,205
2010,A143,24193.4,497170185.24,86393.3,1024499937.3,46574.5,551023543,457189.6,6386493525.4,235514,2641561106.1,291634,3568619418,166875,2212809015,0,985882751.23,159151,1671883262,585911,7605033852.3,615973,4673165534.2,0,1443110787,2669408.8,33261252916.76,A143,CO,ALBAVILLA,,C4AH,CO,CO,CO00,13003,,,,,,,,13003,,,ALBAVILLA,,,,5084090,981,7962469,626,33699536,1677,31439501,896,6583077,104,8066545,86,-65571,12,5503193,33,,,,,,,,,,,,,,,,,,,,,,,90061025,3671,,,,,LOMBARDIA,CO,4415
2010,A145,210879.9,497170185.24,339271.1,1024499937.3,238497,551023543,3523985.5,6386493525.4,1874167,2641561106.1,1150574,3568619418,1527999,2212809015,157588,985882751.23,731167,1671883262,4874674,7605033852.3,3436829,4673165534.2,384815,1443110787,18450446.5,33261252916.76,A145,SV,ALBENGA,,G4AC,SV,SV,SV10,9002,,,,,,,,9002,,,ALBENGA,,,,33650467,6622,39892989,3216,96043721,4861,91851232,2659,19002348,296,18232745,199,-1537970,111,14848942,79,,,,,,,,,,,,,,,,,,,,,,,275322697,13287,,,,,LIGURIA,SV,18043
2010,A146,0,497170185.24,2096.5,1024499937.3,6300,551023543,69360.2,6386493525.4,0,2641561106.1,29843.4375,3568619418,87268,2212809015,0,985882751.23,2937.39948835331,1671883262,42888.9979916012,7605033852.3,6148,4673165534.2,0,1443110787,246842.534979955,33261252916.76,A146,AL,ALBERA LIGURE,,A2AC,AL,AL,AL30,6002,,,,,,,,6002,,,ALBERA LIGURE,,,,505321,89,625111,52,1916573,95,1065140,31,,,0,0,0,0,0,0,,,,,,,,,,,,,,,,,,,,,,,3641624,200,,,,,PIEMONTE,AL,267
